{
  "project_info": {
    "project_number": "777586990217",
    "firebase_url": "https://flash-chat-b48e8.firebaseio.com",
    "project_id": "flash-chat-b48e8",
    "storage_bucket": "flash-chat-b48e8.appspot.com"
  },
  "client": [
    {
      "client_info": {
        "mobilesdk_app_id": "1:777586990217:android:36da31c8f2c8f1c2bcfa58",
        "android_client_info": {
          "package_name": "co.deviant.satyr.flash_chat"
        }
      },
      "oauth_client": [
        {
          "client_id": "777586990217-fu6dfss2t3h4fshdt88moh45lf1rb2dr.apps.googleusercontent.com",
          "client_type": 3
        }
      ],
      "api_key": [
        {
          "current_key": "AIzaSyA_SESGyMWBXpd8xI7eOCv8VW8VNoAghE4"
        }
      ],
      "services": {
        "appinvite_service": {
          "other_platform_oauth_client": [
            {
              "client_id": "777586990217-fu6dfss2t3h4fshdt88moh45lf1rb2dr.apps.googleusercontent.com",
              "client_type": 3
            }
          ]
        }
      }
    }
  ],
  "configuration_version": "1"
}